{"train_loss": 0.251001778370919, "_timestamp": 1679068366.218182, "_runtime": 177.0007200241089, "_step": 1}